{
  "generator-jhipster": {
    "applicationType": "monolith",
    "authenticationType": "jwt",
    "baseName": "eElixir",
    "buildTool": "maven",
    "cacheProvider": "ehcache",
    "clientFramework": "no",
    "clientTestFrameworks": null,
    "clientTheme": null,
    "creationTimestamp": 1722509582965,
    "databaseType": "sql",
    "devDatabaseType": "oracle",
    "enableHibernateCache": true,
    "enableSwaggerCodegen": true,
    "enableTranslation": true,
    "entities": [],
    "feignClient": null,
    "jhipsterVersion": "8.6.0",
    "jwtSecretKey": "MjEyNzZjZGIwZTM2ZjQ3N2QzODFiMGVmODliMTc2Y2RmMDQ3OWUxOTg5NjdhN2M3NGE5NDZlYTFlMTVkNTkzZjY0MDBiNTE1ZTRiMjliNTI0YzEzMmY2NGNkYWFjNGJjN2ExNmYxZjIxMDU3ZDE1NGY3ODBiMTQ3ZTg5MTllNGI=",
    "languages": ["en"],
    "messageBroker": "kafka",
    "microfrontend": null,
    "microfrontends": [],
    "nativeLanguage": "en",
    "packageName": "com.cams",
    "prodDatabaseType": "oracle",
    "reactive": true,
    "searchEngine": "elasticsearch",
    "serverPort": null,
    "serverSideOptions": ["searchEngine:elasticsearch", "messageBroker:kafka", "enableSwaggerCodegen:true"],
    "serviceDiscoveryType": false,
    "skipClient": true,
    "syncUserWithIdp": null,
    "testFrameworks": [],
    "websocket": false,
    "withAdminUi": null
  }
}
